Feature,Importance
Quantity,0.8981926587966547
Unit Price,0.0534040619763897
Used_Discount_Encoded,0.021299346635985605
Discount_Rate,0.01813474846934551
Product_Encoded,0.006204820637489773
Day,0.0008415406075748753
City_Encoded,0.0007726147789062247
Month,0.0006411706187392523
DayOfWeek,0.00047353829341832774
IsWeekend,3.549918549599203e-05
